{
  "A_synth_only": {
    "mAP50": 0.3933839516784584,
    "mAP50_95": 0.3158837382695972,
    "precision": 0.6471156158532405,
    "recall": 0.33406681331797095,
    "f1_macro": 0.4406516973579847
  },
  "B_real_only": {
    "mAP50": 0.995,
    "mAP50_95": 0.9590177996023584,
    "precision": 0.9791490093615871,
    "recall": 0.9990201751053124,
    "f1_macro": 0.9889847865118045
  },
  "C_transfer": {
    "mAP50": 0.995,
    "mAP50_95": 0.9725997091144147,
    "precision": 0.9884374369915063,
    "recall": 1.0,
    "f1_macro": 0.9941851004273119
  }
}