run_id,stage,model,augmentation,seed,smoke,split_scheme,device,metric.image_auroc,metric.pixel_auroc,metric.image_f1,metric.pixel_aupro,metric.dice,metric.iou
patchcore_loto_augoff_seed42_20260707_081546,2,patchcore,False,42,True,loto,mps,0.2727272727272727,0.6365262841668093,0.7586206891843044,0.747660556580221,,
patchcore_fixed_augoff_seed42_20260707_081821,2,patchcore,False,42,True,fixed,mps,0.8,0.7496224674265907,0.9090909085950413,0.756558948733331,,
padim_fixed_augoff_seed42_20260707_082020,2,padim,False,42,True,fixed,mps,0.4666666666666667,0.6656878813160054,0.8333333328472221,0.7974010338426064,,
ae_fixed_augoff_seed42_20260707_082154,2,ae,False,42,True,fixed,mps,1.0,0.5113796504795267,0.9999999995,0.12842340162627447,,
unet_fixed_augoff_seed42_20260707_082347,2,unet,False,42,True,fixed,mps,1.0,0.8266713365427123,0.9999999995,0.6641369980237662,0.3026387471708116,0.18168544674506928
padim_loto_augoff_seed42_20260707_083045,2,padim,False,42,True,loto,mps,0.27272727272727276,0.5506818775131125,0.7333333328688889,0.7767652067608528,,
ae_loto_augoff_seed42_20260707_083742,2,ae,False,42,True,loto,mps,0.7159090909090908,0.3949482071317495,0.8333333328368054,0.22364325306326474,,
unet_loto_augoff_seed42_20260707_084720,2,unet,False,42,True,loto,mps,0.6477272727272727,0.6807928902570919,0.7586206891843044,0.736102932827647,0.26116493587057094,0.1602958250671459
